date,casos_acumulados,mortes_acumuladas,casos_novos,mortes_novas,casos_media_movel_7d,mortes_media_movel_7d,year_month
2020-02-25,0.0,0,0.0,0.0,0.0,0.0,2020-02
2020-02-26,1.0,0,1.0,0.0,0.0,0.0,2020-02
2020-02-27,1.0,0,0.0,0.0,0.0,0.0,2020-02
2020-02-28,1.0,0,0.0,0.0,0.0,0.0,2020-02
2020-02-29,2.0,0,1.0,0.0,0.0,0.0,2020-02
2020-03-01,2.0,0,0.0,0.0,0.0,0.0,2020-03
2020-03-02,2.0,0,0.0,0.0,0.0,0.0,2020-03
2020-03-03,2.0,0,0.0,0.0,0.0,0.0,2020-03
2020-03-04,3.0,0,1.0,0.0,0.0,0.0,2020-03
2020-03-05,7.0,0,4.0,0.0,1.0,0.0,2020-03
2020-03-06,13.0,0,6.0,0.0,2.0,0.0,2020-03
2020-03-07,19.0,0,6.0,0.0,2.0,0.0,2020-03
2020-03-08,25.0,0,6.0,0.0,3.0,0.0,2020-03
2020-03-09,25.0,0,0.0,0.0,3.0,0.0,2020-03
2020-03-10,34.0,0,9.0,0.0,5.0,0.0,2020-03
2020-03-11,52.0,0,18.0,0.0,7.0,0.0,2020-03
2020-03-12,77.0,0,25.0,0.0,10.0,0.0,2020-03
2020-03-13,98.0,0,21.0,0.0,12.0,0.0,2020-03
2020-03-14,121.0,0,23.0,0.0,15.0,0.0,2020-03
2020-03-15,200.0,0,79.0,0.0,25.0,0.0,2020-03
2020-03-16,234.0,0,34.0,0.0,30.0,0.0,2020-03
2020-03-17,291.0,1,57.0,1.0,37.0,0.14,2020-03
2020-03-18,428.0,4,137.0,3.0,54.0,0.57,2020-03
2020-03-19,621.0,6,193.0,2.0,78.0,0.86,2020-03
2020-03-20,904.0,11,283.0,5.0,115.0,1.57,2020-03
2020-03-21,1128.0,18,224.0,7.0,144.0,2.57,2020-03
2020-03-22,1546.0,25,418.0,7.0,192.0,3.57,2020-03
2020-03-23,1891.0,34,345.0,9.0,237.0,4.86,2020-03
2020-03-24,2201.0,46,310.0,12.0,273.0,6.43,2020-03
2020-03-25,2433.0,57,232.0,11.0,286.0,7.57,2020-03
2020-03-26,2915.0,77,482.0,20.0,328.0,10.14,2020-03
2020-03-27,3417.0,92,502.0,15.0,359.0,11.57,2020-03
2020-03-28,3903.0,114,486.0,22.0,396.0,13.71,2020-03
2020-03-29,4256.0,136,353.0,22.0,387.0,15.86,2020-03
2020-03-30,4579.0,159,323.0,23.0,384.0,17.86,2020-03
2020-03-31,5717.0,201,1138.0,42.0,502.0,22.14,2020-03
2020-04-01,6834.0,241,1117.0,40.0,629.0,26.29,2020-04
2020-04-02,7910.0,299,1076.0,58.0,714.0,31.71,2020-04
2020-04-03,9056.0,359,1146.0,60.0,806.0,38.14,2020-04
2020-04-04,10278.0,432,1222.0,73.0,911.0,45.43,2020-04
2020-04-05,11130.0,486,852.0,54.0,982.0,50.0,2020-04
2020-04-06,12056.0,553,926.0,67.0,1068.0,56.29,2020-04
2020-04-07,13717.0,667,1661.0,114.0,1143.0,66.57,2020-04
2020-04-08,15927.0,800,2210.0,133.0,1299.0,79.86,2020-04
2020-04-09,17857.0,941,1930.0,141.0,1421.0,91.71,2020-04
2020-04-10,19638.0,1056,1781.0,115.0,1512.0,99.57,2020-04
2020-04-11,20727.0,1124,1089.0,68.0,1493.0,98.86,2020-04
2020-04-12,22169.0,1223,1442.0,99.0,1577.0,105.29,2020-04
2020-04-13,23430.0,1328,1261.0,105.0,1625.0,110.71,2020-04
2020-04-14,25262.0,1532,1832.0,204.0,1649.0,123.57,2020-04
2020-04-15,28320.0,1736,3058.0,204.0,1770.0,133.71,2020-04
2020-04-16,30425.0,1924,2105.0,188.0,1795.0,140.43,2020-04
2020-04-17,33682.0,2141,3257.0,217.0,2006.0,155.0,2020-04
2020-04-18,36599.0,2347,2917.0,206.0,2267.0,174.71,2020-04
2020-04-19,38654.0,2462,2055.0,115.0,2355.0,177.0,2020-04
2020-04-20,40581.0,2575,1927.0,113.0,2450.0,178.14,2020-04
2020-04-21,43079.0,2741,2498.0,166.0,2545.0,172.71,2020-04
2020-04-22,45757.0,2906,2678.0,165.0,2491.0,167.14,2020-04
2020-04-23,49492.0,3313,3735.0,407.0,2724.0,198.43,2020-04
2020-04-24,52995.0,3670,3503.0,357.0,2759.0,218.43,2020-04
2020-04-25,58509.0,4016,5514.0,346.0,3130.0,238.43,2020-04
2020-04-26,61888.0,4205,3379.0,189.0,3319.0,249.0,2020-04
2020-04-27,66501.0,4543,4613.0,338.0,3703.0,281.14,2020-04
2020-04-28,71886.0,5017,5385.0,474.0,4115.0,325.14,2020-04
2020-04-29,78162.0,5466,6276.0,449.0,4629.0,365.71,2020-04
2020-04-30,85380.0,5901,7218.0,435.0,5127.0,369.71,2020-04
2020-05-01,91299.0,6329,5919.0,428.0,5472.0,379.86,2020-05
2020-05-02,96396.0,6724,5097.0,395.0,5412.0,386.86,2020-05
2020-05-03,101147.0,7025,4751.0,301.0,5608.0,402.86,2020-05
2020-05-04,107780.0,7321,6633.0,296.0,5897.0,396.86,2020-05
2020-05-05,114715.0,7921,6935.0,600.0,6118.0,414.86,2020-05
2020-05-06,125218.0,8535,10503.0,614.0,6722.0,438.43,2020-05
2020-05-07,135106.0,9146,9888.0,611.0,7104.0,463.57,2020-05
2020-05-08,145328.0,9895,10222.0,749.0,7718.0,509.43,2020-05
2020-05-09,155939.0,10627,10611.0,732.0,8506.0,557.57,2020-05
2020-05-10,162699.0,11123,6760.0,496.0,8793.0,585.43,2020-05
2020-05-11,168331.0,11519,5632.0,396.0,8650.0,599.71,2020-05
2020-05-12,177589.0,12400,9258.0,881.0,8982.0,639.86,2020-05
2020-05-13,188974.0,13149,11385.0,749.0,9108.0,659.14,2020-05
2020-05-14,202918.0,13993,13944.0,844.0,9687.0,692.43,2020-05
2020-05-15,218223.0,14817,15305.0,824.0,10414.0,703.14,2020-05
2020-05-16,233142.0,15633,14919.0,816.0,11029.0,715.14,2020-05
2020-05-17,241080.0,16118,7938.0,485.0,11197.0,713.57,2020-05
2020-05-18,254220.0,16792,13140.0,674.0,12270.0,753.29,2020-05
2020-05-19,271628.0,17971,17408.0,1179.0,13434.0,795.86,2020-05
2020-05-20,291579.0,18859,19951.0,888.0,14658.0,815.71,2020-05
2020-05-21,310087.0,20047,18508.0,1188.0,15310.0,864.86,2020-05
2020-05-22,330890.0,21046,20803.0,999.0,16095.0,889.86,2020-05
2020-05-23,347398.0,22013,16508.0,967.0,16322.0,911.43,2020-05
2020-05-24,363211.0,22666,15813.0,653.0,17447.0,935.43,2020-05
2020-05-25,374898.0,23473,11687.0,807.0,17240.0,954.43,2020-05
2020-05-26,391222.0,24512,16324.0,1039.0,17085.0,934.43,2020-05
2020-05-27,411821.0,25598,20599.0,1086.0,17177.0,962.71,2020-05
2020-05-28,438238.0,26754,26417.0,1156.0,18307.0,958.14,2020-05
2020-05-29,465166.0,27878,26928.0,1124.0,19182.0,976.0,2020-05
2020-05-30,498440.0,28834,33274.0,956.0,21577.0,974.43,2020-05
2020-05-31,514200.0,29314,15760.0,480.0,21570.0,949.71,2020-05
2020-06-01,526447.0,29937,12247.0,623.0,21650.0,923.43,2020-06
2020-06-02,555383.0,31199,28936.0,1262.0,23452.0,955.29,2020-06
2020-06-03,584016.0,32548,28633.0,1349.0,24599.0,992.86,2020-06
2020-06-04,614941.0,34021,30925.0,1473.0,25243.0,1038.14,2020-06
2020-06-05,645771.0,35026,30830.0,1005.0,25801.0,1021.14,2020-06
2020-06-06,672846.0,35930,27075.0,904.0,24915.0,1013.71,2020-06
2020-06-07,691758.0,36455,18912.0,525.0,25365.0,1020.14,2020-06
2020-06-08,707412.0,37134,15654.0,679.0,25852.0,1028.14,2020-06
2020-06-09,739503.0,38406,32091.0,1272.0,26303.0,1029.57,2020-06
2020-06-10,772416.0,39680,32913.0,1274.0,26914.0,1018.86,2020-06
2020-06-11,802828.0,40919,30412.0,1239.0,26841.0,985.43,2020-06
2020-06-12,828810.0,41828,25982.0,909.0,26148.0,971.71,2020-06
2020-06-13,850514.0,42720,21704.0,892.0,25381.0,970.0,2020-06
2020-06-14,867624.0,43332,17110.0,612.0,25124.0,982.43,2020-06
2020-06-15,888271.0,43959,20647.0,627.0,25837.0,975.0,2020-06
2020-06-16,923189.0,45241,34918.0,1282.0,26241.0,976.43,2020-06
2020-06-17,955377.0,46510,32188.0,1269.0,26137.0,975.71,2020-06
2020-06-18,978142.0,47748,22765.0,1238.0,25045.0,975.57,2020-06
2020-06-19,1032913.0,48954,54771.0,1206.0,29158.0,1018.0,2020-06
2020-06-20,1067579.0,49976,34666.0,1022.0,31009.0,1036.57,2020-06
2020-06-21,1085038.0,50617,17459.0,641.0,31059.0,1040.71,2020-06
2020-06-22,1106470.0,51271,21432.0,654.0,31171.0,1044.57,2020-06
2020-06-23,1145906.0,52645,39436.0,1374.0,31817.0,1057.71,2020-06
2020-06-24,1188631.0,53830,42725.0,1185.0,33322.0,1045.71,2020-06
2020-06-25,1228114.0,54971,39483.0,1141.0,35710.0,1031.86,2020-06
2020-06-26,1274974.0,55961,46860.0,990.0,34580.0,1001.0,2020-06
2020-06-27,1313667.0,57070,38693.0,1109.0,35155.0,1013.43,2020-06
2020-06-28,1344143.0,57622,30476.0,552.0,37015.0,1000.71,2020-06
2020-06-29,1368195.0,58314,24052.0,692.0,37389.0,1006.14,2020-06
2020-06-30,1402041.0,59594,33846.0,1280.0,36591.0,992.71,2020-06
2020-07-01,1448753.0,60632,46712.0,1038.0,37160.0,971.71,2020-07
2020-07-02,1496858.0,61884,48105.0,1252.0,38392.0,987.57,2020-07
2020-07-03,1539081.0,63174,42223.0,1290.0,37730.0,1030.43,2020-07
2020-07-04,1577004.0,64265,37923.0,1091.0,37620.0,1027.86,2020-07
2020-07-05,1603055.0,64867,26051.0,602.0,36987.0,1035.0,2020-07
2020-07-06,1623284.0,65487,20229.0,620.0,36441.0,1024.71,2020-07
2020-07-07,1668589.0,66741,45305.0,1254.0,38078.0,1021.0,2020-07
2020-07-08,1713160.0,67964,44571.0,1223.0,37772.0,1047.43,2020-07
2020-07-09,1755779.0,69184,42619.0,1220.0,36989.0,1042.86,2020-07
2020-07-10,1800827.0,70398,45048.0,1214.0,37392.0,1032.0,2020-07
2020-07-11,1839850.0,71469,39023.0,1071.0,37549.0,1029.14,2020-07
2020-07-12,1864681.0,72100,24831.0,631.0,37375.0,1033.29,2020-07
2020-07-13,1884967.0,72833,20286.0,733.0,37383.0,1049.43,2020-07
2020-07-14,1926824.0,74133,41857.0,1300.0,36891.0,1056.0,2020-07
2020-07-15,1966748.0,75366,39924.0,1233.0,36227.0,1057.43,2020-07
2020-07-16,2012151.0,76688,45403.0,1322.0,36625.0,1072.0,2020-07
2020-07-17,2046328.0,77851,34177.0,1163.0,35072.0,1064.71,2020-07
2020-07-18,2074860.0,78772,28532.0,921.0,33573.0,1043.29,2020-07
2020-07-19,2098389.0,79488,23529.0,716.0,33387.0,1055.43,2020-07
2020-07-20,2118646.0,80120,20257.0,632.0,33383.0,1041.0,2020-07
2020-07-21,2159654.0,81487,41008.0,1367.0,33261.0,1050.57,2020-07
2020-07-22,2227514.0,82771,67860.0,1284.0,37252.0,1057.86,2020-07
2020-07-23,2287475.0,84082,59961.0,1311.0,39332.0,1056.29,2020-07
2020-07-24,2343366.0,85238,55891.0,1156.0,42434.0,1055.29,2020-07
2020-07-25,2394513.0,86449,51147.0,1211.0,45665.0,1096.71,2020-07
2020-07-26,2419091.0,87004,24578.0,555.0,45815.0,1073.71,2020-07
2020-07-27,2442375.0,87618,23284.0,614.0,46247.0,1071.14,2020-07
2020-07-28,2483191.0,88539,40816.0,921.0,46220.0,1007.43,2020-07
2020-07-29,2552265.0,90134,69074.0,1595.0,46393.0,1051.86,2020-07
2020-07-30,2610102.0,91263,57837.0,1129.0,46090.0,1025.86,2020-07
2020-07-31,2662485.0,92475,52383.0,1212.0,45588.0,1033.86,2020-07
2020-08-01,2707877.0,93563,45392.0,1088.0,44766.0,1016.29,2020-08
2020-08-02,2733677.0,94104,25800.0,541.0,44941.0,1014.29,2020-08
2020-08-03,2750318.0,94665,16641.0,561.0,43992.0,1006.71,2020-08
2020-08-04,2801921.0,95819,51603.0,1154.0,45533.0,1040.0,2020-08
2020-08-05,2857597.0,97240,55676.0,1421.0,43619.0,1015.14,2020-08
2020-08-06,2912212.0,98493,54615.0,1253.0,43159.0,1032.86,2020-08
2020-08-07,2962442.0,99572,50230.0,1079.0,42851.0,1013.86,2020-08
2020-08-08,3012412.0,100477,49970.0,905.0,43505.0,987.71,2020-08
2020-08-09,3035422.0,101049,23010.0,572.0,43106.0,992.14,2020-08
2020-08-10,3057470.0,101752,22048.0,703.0,43879.0,1012.43,2020-08
2020-08-11,3109630.0,103026,52160.0,1274.0,43958.0,1029.57,2020-08
2020-08-12,3164785.0,104201,55155.0,1175.0,43884.0,994.43,2020-08
2020-08-13,3224876.0,105463,60091.0,1262.0,44666.0,995.71,2020-08
2020-08-14,3275520.0,106523,50644.0,1060.0,44725.0,993.0,2020-08
2020-08-15,3317096.0,107232,41576.0,709.0,43526.0,965.0,2020-08
2020-08-16,3340197.0,107852,23101.0,620.0,43539.0,971.86,2020-08
2020-08-17,3359570.0,108536,19373.0,684.0,43157.0,969.14,2020-08
2020-08-18,3407354.0,109888,47784.0,1352.0,42532.0,980.29,2020-08
2020-08-19,3456652.0,111100,49298.0,1212.0,41695.0,985.57,2020-08
2020-08-20,3501975.0,112304,45323.0,1204.0,39586.0,977.29,2020-08
2020-08-21,3532330.0,113358,30355.0,1054.0,36687.0,976.43,2020-08
2020-08-22,3582362.0,114250,50032.0,892.0,37895.0,1002.57,2020-08
2020-08-23,3605783.0,114744,23421.0,494.0,37941.0,984.57,2020-08
2020-08-24,3622861.0,115309,17078.0,565.0,37613.0,967.57,2020-08
2020-08-25,3669995.0,116580,47134.0,1271.0,37520.0,956.0,2020-08
2020-08-26,3717156.0,117665,47161.0,1085.0,37215.0,937.86,2020-08
2020-08-27,3761391.0,118649,44235.0,984.0,37059.0,906.43,2020-08
2020-08-28,3804803.0,119504,43412.0,855.0,38925.0,878.0,2020-08
2020-08-29,3846153.0,120462,41350.0,958.0,37684.0,887.43,2020-08
2020-08-30,3862311.0,120828,16158.0,366.0,36647.0,869.14,2020-08
2020-08-31,3908272.0,121381,45961.0,553.0,40773.0,867.43,2020-08
2020-09-01,3950931.0,122596,42659.0,1215.0,40134.0,859.43,2020-09
2020-09-02,3997865.0,123780,46934.0,1184.0,40101.0,873.57,2020-09
2020-09-03,4041638.0,124614,43773.0,834.0,40035.0,852.14,2020-09
2020-09-04,4092832.0,125521,51194.0,907.0,41147.0,859.57,2020-09
2020-09-05,4123000.0,126203,30168.0,682.0,39550.0,820.14,2020-09
2020-09-06,4137521.0,126650,14521.0,447.0,39316.0,831.71,2020-09
2020-09-07,4147794.0,126960,10273.0,310.0,34217.0,797.0,2020-09
2020-09-08,4162073.0,127464,14279.0,504.0,30163.0,695.43,2020-09
2020-09-09,4197889.0,128539,35816.0,1075.0,28575.0,679.86,2020-09
2020-09-10,4238446.0,129522,40557.0,983.0,28115.0,701.14,2020-09
2020-09-11,4282164.0,130396,43718.0,874.0,27047.0,696.43,2020-09
2020-09-12,4315687.0,131210,33523.0,814.0,27527.0,715.29,2020-09
2020-09-13,4330455.0,131625,14768.0,415.0,27562.0,710.71,2020-09
2020-09-14,4345610.0,132006,15155.0,381.0,28259.0,720.86,2020-09
2020-09-15,4382263.0,133119,36653.0,1113.0,31456.0,807.86,2020-09
2020-09-16,4419083.0,134106,36820.0,987.0,31599.0,795.29,2020-09
2020-09-17,4455386.0,134935,36303.0,829.0,30991.0,773.29,2020-09
2020-09-18,4495183.0,135793,39797.0,858.0,30431.0,771.0,2020-09
2020-09-19,4528240.0,136532,33057.0,739.0,30365.0,760.29,2020-09
2020-09-20,4544629.0,136895,16389.0,363.0,30596.0,752.86,2020-09
2020-09-21,4558068.0,137272,13439.0,377.0,30351.0,752.29,2020-09
2020-09-22,4591604.0,138108,33536.0,836.0,29906.0,712.71,2020-09
2020-09-23,4624885.0,138977,33281.0,869.0,29400.0,695.86,2020-09
2020-09-24,4657702.0,139808,32817.0,831.0,28902.0,696.14,2020-09
2020-09-25,4689613.0,140537,31911.0,729.0,27776.0,677.71,2020-09
2020-09-26,4717991.0,141406,28378.0,869.0,27107.0,696.29,2020-09
2020-09-27,4732309.0,141741,14318.0,335.0,26811.0,692.29,2020-09
2020-09-28,4745464.0,142058,13155.0,317.0,26771.0,683.71,2020-09
2020-09-29,4777522.0,142921,32058.0,863.0,26560.0,687.57,2020-09
2020-09-30,4810935.0,143952,33413.0,1031.0,26579.0,710.71,2020-09
2020-10-01,4847092.0,144680,36157.0,728.0,27056.0,696.0,2020-10
2020-10-02,4880523.0,145388,33431.0,708.0,27273.0,693.0,2020-10
2020-10-03,4906833.0,145987,26310.0,599.0,26977.0,654.43,2020-10
2020-10-04,4915289.0,146352,8456.0,365.0,26140.0,658.71,2020-10
2020-10-05,4927235.0,146675,11946.0,323.0,25967.0,659.57,2020-10
2020-10-06,4969141.0,147494,41906.0,819.0,27374.0,653.29,2020-10
2020-10-07,5000694.0,148228,31553.0,734.0,27108.0,610.86,2020-10
2020-10-08,5028444.0,148957,27750.0,729.0,25907.0,611.0,2020-10
2020-10-09,5055888.0,149639,27444.0,682.0,25052.0,607.29,2020-10
2020-10-10,5082637.0,150198,26749.0,559.0,25115.0,601.57,2020-10
2020-10-11,5094979.0,150488,12342.0,290.0,25670.0,590.86,2020-10
2020-10-12,5103408.0,150689,8429.0,201.0,25168.0,573.43,2020-10
2020-10-13,5113628.0,150998,10220.0,309.0,20641.0,500.57,2020-10
2020-10-14,5140863.0,151747,27235.0,749.0,20024.0,502.71,2020-10
2020-10-15,5169386.0,152460,28523.0,713.0,20135.0,500.43,2020-10
2020-10-16,5200300.0,153214,30914.0,754.0,20630.0,510.71,2020-10
2020-10-17,5224362.0,153675,24062.0,461.0,20246.0,496.71,2020-10
2020-10-18,5235344.0,153905,10982.0,230.0,20052.0,488.14,2020-10
2020-10-19,5250727.0,154176,15383.0,271.0,21046.0,498.14,2020-10
2020-10-20,5273954.0,154837,23227.0,661.0,22904.0,548.43,2020-10
2020-10-21,5298772.0,155403,24818.0,566.0,22558.0,522.29,2020-10
2020-10-22,5323630.0,155900,24858.0,497.0,22035.0,491.43,2020-10
2020-10-23,5353656.0,156471,30026.0,571.0,21908.0,465.29,2020-10
2020-10-24,5380635.0,156903,26979.0,432.0,22325.0,461.14,2020-10
2020-10-25,5394128.0,157134,13493.0,231.0,22683.0,461.29,2020-10
2020-10-26,5409854.0,157397,15726.0,263.0,22732.0,460.14,2020-10
2020-10-27,5439641.0,157946,29787.0,549.0,23670.0,444.14,2020-10
2020-10-28,5468270.0,158456,28629.0,510.0,24214.0,436.14,2020-10
2020-10-29,5494376.0,158969,26106.0,513.0,24392.0,438.43,2020-10
2020-10-30,5516658.0,159477,22282.0,508.0,23286.0,429.43,2020-10
2020-10-31,5535605.0,159884,18947.0,407.0,22139.0,425.86,2020-10
2020-11-01,5545705.0,160074,10100.0,190.0,21654.0,420.0,2020-11
2020-11-02,5554206.0,160253,8501.0,179.0,20622.0,408.0,2020-11
2020-11-03,5566049.0,160496,11843.0,243.0,18058.0,364.29,2020-11
2020-11-04,5590025.0,161106,23976.0,610.0,17394.0,378.57,2020-11
2020-11-05,5612319.0,161736,22294.0,630.0,16849.0,395.29,2020-11
2020-11-06,5633747.0,162038,21428.0,302.0,16727.0,365.86,2020-11
2020-11-07,5653561.0,162269,19814.0,231.0,16851.0,340.71,2020-11
2020-11-08,5664115.0,162397,10554.0,128.0,16916.0,331.86,2020-11
2020-11-09,5675032.0,162628,10917.0,231.0,17261.0,339.29,2020-11
2020-11-10,5700044.0,162829,25012.0,201.0,19142.0,333.29,2020-11
2020-11-11,5748375.0,163373,48331.0,544.0,22621.0,323.86,2020-11
2020-11-12,5781582.0,164281,33207.0,908.0,24180.0,363.57,2020-11
2020-11-13,5810652.0,164737,29070.0,456.0,25272.0,385.57,2020-11
2020-11-14,5848959.0,165658,38307.0,921.0,27914.0,484.14,2020-11
2020-11-15,5863093.0,165798,14134.0,140.0,28425.0,485.86,2020-11
2020-11-16,5876464.0,166014,13371.0,216.0,28776.0,483.71,2020-11
2020-11-17,5911758.0,166699,35294.0,685.0,30245.0,552.86,2020-11
2020-11-18,5945849.0,167455,34091.0,756.0,28211.0,583.14,2020-11
2020-11-19,5981767.0,168061,35918.0,606.0,28598.0,540.0,2020-11
2020-11-20,6020164.0,168613,38397.0,552.0,29930.0,553.71,2020-11
2020-11-21,6052786.0,168989,32622.0,376.0,29118.0,475.86,2020-11
2020-11-22,6071401.0,169183,18615.0,194.0,29758.0,483.57,2020-11
2020-11-23,6087608.0,169485,16207.0,302.0,30163.0,495.86,2020-11
2020-11-24,6118708.0,170115,31100.0,630.0,29564.0,488.0,2020-11
2020-11-25,6166606.0,170769,47898.0,654.0,31537.0,473.43,2020-11
2020-11-26,6204220.0,171460,37614.0,691.0,31779.0,485.57,2020-11
2020-11-27,6238350.0,171974,34130.0,514.0,31169.0,480.14,2020-11
2020-11-28,6290272.0,172561,51922.0,587.0,33927.0,510.29,2020-11
2020-11-29,6314740.0,172833,24468.0,272.0,34763.0,521.43,2020-11
2020-11-30,6335878.0,173120,21138.0,287.0,35467.0,519.29,2020-11
2020-12-01,6386787.0,173817,50909.0,697.0,38297.0,528.86,2020-12
2020-12-02,6436650.0,174515,49863.0,698.0,38578.0,535.14,2020-12
2020-12-03,6487084.0,175270,50434.0,755.0,40409.0,544.29,2020-12
2020-12-04,6533968.0,175964,46884.0,694.0,42231.0,570.0,2020-12
2020-12-05,6577177.0,176628,43209.0,664.0,40986.0,581.0,2020-12
2020-12-06,6603540.0,176941,26363.0,313.0,41257.0,586.86,2020-12
2020-12-07,6623911.0,177317,20371.0,376.0,41148.0,599.57,2020-12
2020-12-08,6674999.0,178159,51088.0,842.0,41173.0,620.29,2020-12
2020-12-09,6728452.0,178995,53453.0,836.0,41686.0,640.0,2020-12
2020-12-10,6781799.0,179765,53347.0,770.0,42102.0,642.14,2020-12
2020-12-11,6836227.0,180437,54428.0,672.0,43180.0,639.0,2020-12
2020-12-12,6880127.0,181123,43900.0,686.0,43279.0,642.14,2020-12
2020-12-13,6901952.0,181402,21825.0,279.0,42630.0,637.29,2020-12
2020-12-14,6927145.0,181835,25193.0,433.0,43319.0,645.43,2020-12
2020-12-15,6970034.0,182799,42889.0,964.0,42148.0,662.86,2020-12
2020-12-16,7040608.0,183735,70574.0,936.0,44594.0,677.14,2020-12
2020-12-17,7110434.0,184827,69826.0,1092.0,46948.0,723.14,2020-12
2020-12-18,7162978.0,185650,52544.0,823.0,46679.0,744.71,2020-12
2020-12-19,7213155.0,186356,50177.0,706.0,47575.0,747.57,2020-12
2020-12-20,7238600.0,186764,25445.0,408.0,48093.0,766.0,2020-12
2020-12-21,7263619.0,187291,25019.0,527.0,48068.0,779.43,2020-12
2020-12-22,7318821.0,188259,55202.0,968.0,49827.0,780.0,2020-12
2020-12-23,7365517.0,189220,46696.0,961.0,46416.0,783.57,2020-12
2020-12-24,7425593.0,190006,60076.0,786.0,45023.0,739.86,2020-12
2020-12-25,7448560.0,190488,22967.0,482.0,40797.0,691.14,2020-12
2020-12-26,7465806.0,190795,17246.0,307.0,36093.0,634.14,2020-12
2020-12-27,7484285.0,191139,18479.0,344.0,35098.0,625.0,2020-12
2020-12-28,7504833.0,191570,20548.0,431.0,34459.0,611.29,2020-12
2020-12-29,7563551.0,192681,58718.0,1111.0,34961.0,631.71,2020-12
2020-12-30,7619200.0,193875,55649.0,1194.0,36240.0,665.0,2020-12
2020-12-31,7675973.0,194949,56773.0,1074.0,35769.0,706.14,2020-12
2021-01-01,7700578.0,195411,24605.0,462.0,36003.0,703.29,2021-01
2021-01-02,7716405.0,195725,15827.0,314.0,35800.0,704.29,2021-01
2021-01-03,7733746.0,196018,17341.0,293.0,35637.0,697.0,2021-01
2021-01-04,7753752.0,196561,20006.0,543.0,35560.0,713.0,2021-01
2021-01-05,7810400.0,197732,56648.0,1171.0,35264.0,721.57,2021-01
2021-01-06,7873830.0,198974,63430.0,1242.0,36376.0,728.43,2021-01
2021-01-07,7961673.0,200498,87843.0,1524.0,40814.0,792.71,2021-01
2021-01-08,8013708.0,201460,52035.0,962.0,44733.0,864.14,2021-01
2021-01-09,8075998.0,202631,62290.0,1171.0,51370.0,986.57,2021-01
2021-01-10,8105790.0,203100,29792.0,469.0,53149.0,1011.71,2021-01
2021-01-11,8131612.0,203580,25822.0,480.0,53980.0,1002.71,2021-01
2021-01-12,8195637.0,204690,64025.0,1110.0,55034.0,994.0,2021-01
2021-01-13,8256536.0,205964,60899.0,1274.0,54672.0,998.57,2021-01
2021-01-14,8324294.0,207095,67758.0,1131.0,51803.0,942.43,2021-01
2021-01-15,8393492.0,208246,69198.0,1151.0,54255.0,969.43,2021-01
2021-01-16,8455059.0,209296,61567.0,1050.0,54152.0,952.14,2021-01
2021-01-17,8488099.0,209847,33040.0,551.0,54616.0,963.86,2021-01
2021-01-18,8511770.0,210299,23671.0,452.0,54308.0,959.86,2021-01
2021-01-19,8573864.0,211491,62094.0,1192.0,54032.0,971.57,2021-01
2021-01-20,8638249.0,212831,64385.0,1340.0,54530.0,981.0,2021-01
2021-01-21,8697368.0,214147,59119.0,1316.0,53296.0,1007.43,2021-01
2021-01-22,8753920.0,215243,56552.0,1096.0,51490.0,999.57,2021-01
2021-01-23,8816254.0,216445,62334.0,1202.0,51599.0,1021.29,2021-01
2021-01-24,8844577.0,217037,28323.0,592.0,50925.0,1027.14,2021-01
2021-01-25,8871393.0,217664,26816.0,627.0,51375.0,1052.14,2021-01
2021-01-26,8933356.0,218878,61963.0,1214.0,51356.0,1055.29,2021-01
2021-01-27,8996876.0,220161,63520.0,1283.0,51232.0,1047.14,2021-01
2021-01-28,9058687.0,221547,61811.0,1386.0,51617.0,1057.14,2021-01
2021-01-29,9118513.0,222666,59826.0,1119.0,52085.0,1060.43,2021-01
2021-01-30,9176975.0,223945,58462.0,1279.0,51532.0,1071.43,2021-01
2021-01-31,9204731.0,224504,27756.0,559.0,51451.0,1066.71,2021-01
2021-02-01,9229322.0,225099,24591.0,595.0,51133.0,1062.14,2021-02
2021-02-02,9283418.0,226309,54096.0,1210.0,50009.0,1061.57,2021-02
2021-02-03,9339420.0,227563,56002.0,1254.0,48935.0,1057.43,2021-02
2021-02-04,9396293.0,228795,56873.0,1232.0,48229.0,1035.43,2021-02
2021-02-05,9447165.0,230034,50872.0,1239.0,46950.0,1052.57,2021-02
2021-02-06,9497795.0,231012,50630.0,978.0,45831.0,1009.57,2021-02
2021-02-07,9524640.0,231534,26845.0,522.0,45701.0,1004.29,2021-02
2021-02-08,9548079.0,232170,23439.0,636.0,45537.0,1010.14,2021-02
2021-02-09,9599565.0,233520,51486.0,1350.0,45164.0,1030.14,2021-02
2021-02-10,9659167.0,234850,59602.0,1330.0,45678.0,1041.0,2021-02
2021-02-11,9713909.0,236201,54742.0,1351.0,45374.0,1058.0,2021-02
2021-02-12,9765455.0,237489,51546.0,1288.0,45470.0,1065.0,2021-02
2021-02-13,9809754.0,238532,44299.0,1043.0,44566.0,1074.29,2021-02
2021-02-14,9834513.0,239245,24759.0,713.0,44268.0,1101.57,2021-02
2021-02-15,9866710.0,239773,32197.0,528.0,45519.0,1086.14,2021-02
2021-02-16,9921981.0,240940,55271.0,1167.0,46059.0,1060.0,2021-02
2021-02-17,9978747.0,242090,56766.0,1150.0,45654.0,1034.29,2021-02
2021-02-18,10030626.0,243457,51879.0,1367.0,45245.0,1036.57,2021-02
2021-02-19,10081676.0,244765,51050.0,1308.0,45174.0,1039.43,2021-02
2021-02-20,10139148.0,245977,57472.0,1212.0,47056.0,1063.57,2021-02
2021-02-21,10168174.0,246504,29026.0,527.0,47666.0,1037.0,2021-02
2021-02-22,10195160.0,247143,26986.0,639.0,46921.0,1052.86,2021-02
2021-02-23,10257875.0,248529,62715.0,1386.0,47985.0,1084.14,2021-02
2021-02-24,10324463.0,249957,66588.0,1428.0,49388.0,1123.86,2021-02
2021-02-25,10390461.0,251498,65998.0,1541.0,51405.0,1148.71,2021-02
2021-02-26,10455630.0,252835,65169.0,1337.0,53422.0,1152.86,2021-02
2021-02-27,10517232.0,254221,61602.0,1386.0,54012.0,1177.71,2021-02
2021-02-28,10551259.0,254942,34027.0,721.0,54726.0,1205.43,2021-02
2021-03-01,10587001.0,255720,35742.0,778.0,55977.0,1225.29,2021-03
2021-03-02,10646926.0,257361,59925.0,1641.0,55579.0,1261.71,2021-03
2021-03-03,10718630.0,259271,71704.0,1910.0,56310.0,1330.57,2021-03
2021-03-04,10793732.0,260970,75102.0,1699.0,57610.0,1353.14,2021-03
2021-03-05,10869227.0,262770,75495.0,1800.0,59085.0,1419.29,2021-03
2021-03-06,10938836.0,264325,69609.0,1555.0,60229.0,1443.43,2021-03
2021-03-07,11019344.0,265411,80508.0,1086.0,66869.0,1495.57,2021-03
2021-03-08,11051665.0,266398,32321.0,987.0,66381.0,1525.43,2021-03
2021-03-09,11122429.0,268370,70764.0,1972.0,67929.0,1572.71,2021-03
2021-03-10,11202305.0,270656,79876.0,2286.0,69096.0,1626.43,2021-03
2021-03-11,11277717.0,272889,75412.0,2233.0,69141.0,1702.71,2021-03
2021-03-12,11363380.0,275105,85663.0,2216.0,70593.0,1762.14,2021-03
2021-03-13,11439558.0,277102,76178.0,1997.0,71532.0,1825.29,2021-03
2021-03-14,11483370.0,278229,43812.0,1127.0,66289.0,1831.14,2021-03
2021-03-15,11519609.0,279286,36239.0,1057.0,66849.0,1841.14,2021-03
2021-03-16,11603535.0,282127,83926.0,2841.0,68729.0,1965.29,2021-03
2021-03-17,11693838.0,284775,90303.0,2648.0,70219.0,2017.0,2021-03
2021-03-18,11780820.0,287499,86982.0,2724.0,71872.0,2087.14,2021-03
2021-03-19,11871390.0,290314,90570.0,2815.0,72573.0,2172.71,2021-03
2021-03-20,11950459.0,292752,79069.0,2438.0,72986.0,2235.71,2021-03
2021-03-21,11998233.0,294042,47774.0,1290.0,73552.0,2259.0,2021-03
2021-03-22,12047526.0,295425,49293.0,1383.0,75417.0,2305.57,2021-03
2021-03-23,12130019.0,298676,82493.0,3251.0,75212.0,2364.14,2021-03
2021-03-24,12220011.0,300685,89992.0,2009.0,75168.0,2272.86,2021-03
2021-03-25,12320169.0,303462,100158.0,2777.0,77050.0,2280.43,2021-03
2021-03-26,12404414.0,307112,84245.0,3650.0,76146.0,2399.71,2021-03
2021-03-27,12490362.0,310550,85948.0,3438.0,77129.0,2542.57,2021-03
2021-03-28,12534688.0,312206,44326.0,1656.0,76636.0,2594.86,2021-03
2021-03-29,12573615.0,313866,38927.0,1660.0,75156.0,2634.43,2021-03
2021-03-30,12658109.0,317646,84494.0,3780.0,75441.0,2710.0,2021-03
2021-03-31,12748747.0,321515,90638.0,3869.0,75534.0,2975.71,2021-03
2021-04-01,12839844.0,325284,91097.0,3769.0,74239.0,3117.43,2021-04
2021-04-02,12910082.0,328206,70238.0,2922.0,72238.0,3013.43,2021-04
2021-04-03,12953597.0,330193,43515.0,1987.0,66176.0,2806.14,2021-04
2021-04-04,12984956.0,331433,31359.0,1240.0,64324.0,2746.71,2021-04
2021-04-05,13013601.0,332752,28645.0,1319.0,62855.0,2698.0,2021-04
2021-04-06,13100580.0,336947,86979.0,4195.0,63210.0,2757.29,2021-04
2021-04-07,13193205.0,340776,92625.0,3829.0,63494.0,2751.57,2021-04
2021-04-08,13279857.0,345025,86652.0,4249.0,62859.0,2820.14,2021-04
2021-04-09,13373174.0,348718,93317.0,3693.0,66156.0,2930.29,2021-04
2021-04-10,13445006.0,351334,71832.0,2616.0,70201.0,3020.14,2021-04
2021-04-11,13482023.0,353137,37017.0,1803.0,71010.0,3100.57,2021-04
2021-04-12,13517808.0,354617,35785.0,1480.0,72030.0,3123.57,2021-04
2021-04-13,13599994.0,358425,82186.0,3808.0,71345.0,3068.29,2021-04
2021-04-14,13673507.0,361884,73513.0,3459.0,68615.0,3015.43,2021-04
2021-04-15,13746681.0,365444,73174.0,3560.0,66689.0,2917.0,2021-04
2021-04-16,13832455.0,368749,85774.0,3305.0,65612.0,2861.57,2021-04
2021-04-17,13900091.0,371678,67636.0,2929.0,65012.0,2906.29,2021-04
2021-04-18,13943071.0,373335,42980.0,1657.0,65864.0,2885.43,2021-04
2021-04-19,13973695.0,374682,30624.0,1347.0,65127.0,2866.43,2021-04
2021-04-20,14043076.0,378003,69381.0,3321.0,63297.0,2796.86,2021-04
2021-04-21,14122795.0,381475,79719.0,3472.0,64184.0,2798.71,2021-04
2021-04-22,14167973.0,383502,45178.0,2027.0,60185.0,2579.71,2021-04
2021-04-23,14237078.0,386416,69105.0,2914.0,57803.0,2523.86,2021-04
2021-04-24,14308215.0,389492,71137.0,3076.0,58303.0,2544.86,2021-04
2021-04-25,14340787.0,390797,32572.0,1305.0,56817.0,2494.57,2021-04
2021-04-26,14369423.0,391936,28636.0,1139.0,56533.0,2464.86,2021-04
2021-04-27,14441563.0,395022,72140.0,3086.0,56927.0,2431.29,2021-04
2021-04-28,14521289.0,398185,79726.0,3163.0,56928.0,2387.14,2021-04
2021-04-29,14590678.0,401186,69389.0,3001.0,60386.0,2526.29,2021-04
2021-04-30,14659011.0,403781,68333.0,2595.0,60276.0,2480.71,2021-04
2021-05-01,14725975.0,406437,66964.0,2656.0,59680.0,2420.71,2021-05
2021-05-02,14754910.0,407639,28935.0,1202.0,59160.0,2406.0,2021-05
2021-05-03,14779529.0,408622,24619.0,983.0,58587.0,2383.71,2021-05
2021-05-04,14856888.0,411588,77359.0,2966.0,59332.0,2366.57,2021-05
2021-05-05,14930183.0,414399,73295.0,2811.0,58413.0,2316.29,2021-05
2021-05-06,15003563.0,416949,73380.0,2550.0,58984.0,2251.86,2021-05
2021-05-07,15082449.0,419114,78886.0,2165.0,60491.0,2190.43,2021-05
2021-05-08,15145879.0,421316,63430.0,2202.0,59986.0,2125.57,2021-05
2021-05-09,15184790.0,422340,38911.0,1024.0,61411.0,2100.14,2021-05
2021-05-10,15209990.0,423229,25200.0,889.0,61494.0,2086.71,2021-05
2021-05-11,15282705.0,425540,72715.0,2311.0,60831.0,1993.14,2021-05
2021-05-12,15359397.0,428034,76692.0,2494.0,61316.0,1947.86,2021-05
2021-05-13,15433989.0,430417,74592.0,2383.0,61489.0,1924.0,2021-05
2021-05-14,15519525.0,432628,85536.0,2211.0,62439.0,1930.57,2021-05
2021-05-15,15586534.0,434715,67009.0,2087.0,62951.0,1914.14,2021-05
2021-05-16,15627475.0,435751,40941.0,1036.0,63241.0,1915.86,2021-05
2021-05-17,15657391.0,436537,29916.0,786.0,63914.0,1901.14,2021-05
2021-05-18,15732836.0,439050,75445.0,2513.0,64304.0,1930.0,2021-05
2021-05-19,15812055.0,441691,79219.0,2641.0,64665.0,1951.0,2021-05
2021-05-20,15894094.0,444094,82039.0,2403.0,65729.0,1953.86,2021-05
2021-05-21,15970949.0,446309,76855.0,2215.0,64489.0,1954.43,2021-05
2021-05-22,16047439.0,448208,76490.0,1899.0,65844.0,1927.57,2021-05
2021-05-23,16083258.0,449068,35819.0,860.0,65112.0,1902.43,2021-05
